Project Name,Checkpoint Name,Created On,FileName,Lines,Statements,BranchStatements,LineswithComments,ClassesDefined,ClassMethodsImplemented,MethodStatements,LineNumberofMostComplexFunction,MaximumComplexity,LineNumberofDeepestBlock,MaximumBlockDepth,AverageBlockDepth,AverageComplexity,Functions,Statementsatblocklevel0,Statementsatblocklevel1,Statementsatblocklevel2,Statementsatblocklevel3,Statementsatblocklevel4,Statementsatblocklevel5,Statementsatblocklevel6,Statementsatblocklevel7,Statementsatblocklevel8,Statementsatblocklevel9
tridameasures,Baseline,04 Apr 2016,DAQ/EM/inc/FileWriter.h,57,20,0,0,1,2,1,25,1,50,2,0.5,1,0,11,8,1,0,0,0,0,0,0,0
tridameasures,Baseline,04 Apr 2016,DAQ/EM/inc/ptfile.hpp,61,25,0,2,1,4,4,34,1,36,2,0.84,1,0,8,13,4,0,0,0,0,0,0,0
tridameasures,Baseline,04 Apr 2016,DAQ/EM/src/FileWriter.cpp,59,22,5,5,0,1,17,7,6,45,6,2.14,6,0,5,7,1,3,3,1,2,0,0,0
tridameasures,Baseline,04 Apr 2016,DAQ/EM/src/ptfile.cpp,163,73,7,0,0,4,38,110,6,27,2,1.04,2.29,3,15,40,18,0,0,0,0,0,0,0
tridameasures,Baseline,04 Apr 2016,DAQ/EM/src/RunEM.cpp,226,99,17,6,1,1,0,115,11,208,4,1.71,7,2,18,13,49,18,1,0,0,0,0,0
tridameasures,Baseline,04 Apr 2016,DAQ/FCM/inc/datacard_reader.hpp,16,6,0,0,0,0,0,,0,2,0,0,0,0,6,0,0,0,0,0,0,0,0,0
tridameasures,Baseline,04 Apr 2016,DAQ/FCM/inc/hit_generator.hpp,40,23,0,0,1,0,0,,0,18,1,0.57,0,0,10,13,0,0,0,0,0,0,0,0
tridameasures,Baseline,04 Apr 2016,DAQ/FCM/inc/TimeOfHit.h,33,17,0,1,1,1,1,25,1,27,2,0.71,1,0,6,10,1,0,0,0,0,0,0,0
tridameasures,Baseline,04 Apr 2016,DAQ/FCM/src/datacard_reader.cpp,64,27,1,16,0,0,0,8,2,57,2,0.85,2,1,5,21,1,0,0,0,0,0,0,0
tridameasures,Baseline,04 Apr 2016,DAQ/FCM/src/FCMsimu.cpp,252,124,20,1,0,0,0,37,22,235,5,1.65,11.5,2,23,41,32,16,9,3,0,0,0,0
tridameasures,Baseline,04 Apr 2016,DAQ/FCM/src/hit_generator.cpp,189,87,14,9,0,9,64,55,7,33,3,1.24,2.7,1,17,38,26,6,0,0,0,0,0,0
tridameasures,Baseline,04 Apr 2016,DAQ/FCM/src/TimeOfHit.cpp,28,12,2,1,0,2,6,16,3,20,2,0.75,2,0,6,3,3,0,0,0,0,0,0,0
tridameasures,Baseline,04 Apr 2016,DAQ/HM/inc/Assemblatore.h,54,25,0,2,1,0,0,,0,21,1,0.56,0,0,11,14,0,0,0,0,0,0,0,0
tridameasures,Baseline,04 Apr 2016,DAQ/HM/inc/Smistatore.h,84,40,0,2,2,1,0,28,1,24,1,0.6,1,0,16,24,0,0,0,0,0,0,0,0
tridameasures,Baseline,04 Apr 2016,DAQ/HM/inc/Spedizioniere.h,46,20,0,2,1,0,0,,0,19,1,0.5,0,0,10,10,0,0,0,0,0,0,0,0
tridameasures,Baseline,04 Apr 2016,DAQ/HM/inc/Structs.h,34,17,0,5,3,0,0,,0,12,1,0.53,0,0,8,9,0,0,0,0,0,0,0,0
tridameasures,Baseline,04 Apr 2016,DAQ/HM/src/Assemblatore.cpp,198,84,17,11,0,4,71,41,13,97,6,2.17,5.5,0,12,20,16,21,11,1,3,0,0,0
tridameasures,Baseline,04 Apr 2016,DAQ/HM/src/RunHM.cpp,187,108,8,14,0,0,0,36,9,57,3,0.95,9,1,28,61,15,4,0,0,0,0,0,0
tridameasures,Baseline,04 Apr 2016,DAQ/HM/src/Smistatore.cpp,387,182,36,24,0,6,125,297,16,336,7,2.07,4.55,5,27,58,43,24,6,11,9,4,0,0
tridameasures,Baseline,04 Apr 2016,DAQ/HM/src/Spedizioniere.cpp,274,121,32,13,0,4,87,165,17,234,6,2.34,6.83,2,11,29,32,18,20,10,1,0,0,0
tridameasures,Baseline,04 Apr 2016,DAQ/TCPU/inc/Event_Classes.h,116,62,0,15,2,9,14,45,1,46,2,1.11,1,0,7,41,14,0,0,0,0,0,0,0
tridameasures,Baseline,04 Apr 2016,DAQ/TCPU/inc/Messages.h,85,32,0,12,1,2,2,45,1,47,2,0.88,1,0,6,24,2,0,0,0,0,0,0,0
tridameasures,Baseline,04 Apr 2016,DAQ/TCPU/inc/PMTHit.h,137,71,0,6,1,21,21,41,1,43,2,1.11,1,0,13,37,21,0,0,0,0,0,0,0
tridameasures,Baseline,04 Apr 2016,DAQ/TCPU/inc/s_thread.h,50,21,1,1,3,1,0,40,1,34,3,0.81,1,0,10,7,2,2,0,0,0,0,0,0
tridameasures,Baseline,04 Apr 2016,DAQ/TCPU/inc/STSReceiver.h,44,21,0,0,1,0,0,,0,20,1,0.43,0,0,12,9,0,0,0,0,0,0,0,0
tridameasures,Baseline,04 Apr 2016,DAQ/TCPU/inc/TriggerInterface.h,69,38,0,2,2,0,0,,0,30,1,0.39,0,0,23,15,0,0,0,0,0,0,0,0
tridameasures,Baseline,04 Apr 2016,DAQ/TCPU/inc/TTSAssembler.h,42,24,0,0,1,1,1,34,1,35,2,0.63,1,0,10,13,1,0,0,0,0,0,0,0
tridameasures,Baseline,04 Apr 2016,DAQ/TCPU/inc/TTSBuild.h,122,61,0,11,1,2,2,103,1,105,2,0.8,1,0,14,45,2,0,0,0,0,0,0,0
tridameasures,Baseline,04 Apr 2016,DAQ/TCPU/inc/TTSManager.h,50,24,0,0,1,0,0,,0,22,1,0.46,0,0,13,11,0,0,0,0,0,0,0,0
tridameasures,Baseline,04 Apr 2016,DAQ/TCPU/src/Event_Classes.cpp,182,96,22,6,0,14,77,113,5,126,4,1.25,2.64,0,19,46,22,6,3,0,0,0,0,0
tridameasures,Baseline,04 Apr 2016,DAQ/TCPU/src/Messages.cpp,100,47,0,5,0,13,29,14,1,23,1,0.62,1,0,18,29,0,0,0,0,0,0,0,0
tridameasures,Baseline,04 Apr 2016,DAQ/TCPU/src/PMTHit.cpp,120,54,4,6,0,6,27,14,4,23,3,0.89,1.63,2,16,29,8,1,0,0,0,0,0,0
tridameasures,Baseline,04 Apr 2016,DAQ/TCPU/src/RunTCPU.cpp,211,103,8,16,0,0,0,31,9,54,3,0.99,9,1,25,58,16,4,0,0,0,0,0,0
tridameasures,Baseline,04 Apr 2016,DAQ/TCPU/src/STSReceiver.cpp,133,67,15,4,0,3,55,77,11,120,5,2.07,6,0,12,12,12,23,6,2,0,0,0,0
tridameasures,Baseline,04 Apr 2016,DAQ/TCPU/src/TriggerInterface.cpp,207,83,11,16,0,2,74,83,7,188,4,1.87,6.5,0,9,19,33,18,4,0,0,0,0,0
tridameasures,Baseline,04 Apr 2016,DAQ/TCPU/src/TTSAssembler.cpp,138,59,9,11,0,4,47,26,8,44,3,1.44,3.25,0,12,16,24,7,0,0,0,0,0,0
tridameasures,Baseline,04 Apr 2016,DAQ/TCPU/src/TTSBuild.cpp,466,248,53,51,0,16,222,295,16,159,6,1.96,4.69,0,26,93,52,41,20,11,5,0,0,0
tridameasures,Baseline,04 Apr 2016,DAQ/TCPU/src/TTSManager.cpp,254,102,15,27,0,4,75,151,7,81,4,1.43,3.5,2,16,40,34,10,2,0,0,0,0,0
tridameasures,Baseline,04 Apr 2016,DAQ/TCPU/trigger_plugins/TrigRandom/TrigRandom.cpp,36,18,2,2,0,0,0,7,3,18,3,1.17,3,1,6,6,3,3,0,0,0,0,0,0
tridameasures,Baseline,04 Apr 2016,DAQ/TCPU/trigger_plugins/TrigRandom/TrigRandom.h,12,5,0,0,0,0,0,,0,2,0,0,0,0,5,0,0,0,0,0,0,0,0,0
tridameasures,Baseline,04 Apr 2016,DAQ/TCPU/trigger_plugins/TrigScaler/TrigScaler.cpp,46,26,3,2,0,0,0,9,4,25,3,1.23,4,1,8,9,4,5,0,0,0,0,0,0
tridameasures,Baseline,04 Apr 2016,DAQ/TCPU/trigger_plugins/TrigScaler/TrigScaler.h,13,5,0,0,0,0,0,,0,2,0,0,0,0,5,0,0,0,0,0,0,0,0,0
tridameasures,Baseline,04 Apr 2016,DAQ/TCPU/trigger_plugins/TrigSky/Rotation3D.cpp,80,50,3,6,0,3,41,12,4,58,4,0.98,2,0,9,37,1,2,1,0,0,0,0,0
tridameasures,Baseline,04 Apr 2016,DAQ/TCPU/trigger_plugins/TrigSky/Rotation3D.h,24,8,0,0,1,0,0,,0,12,1,0.5,0,0,4,4,0,0,0,0,0,0,0,0
tridameasures,Baseline,04 Apr 2016,DAQ/TCPU/trigger_plugins/TrigSky/TrigSky.cpp,121,64,10,7,0,3,46,55,10,97,6,1.63,3.75,1,16,20,13,8,3,2,2,0,0,0
tridameasures,Baseline,04 Apr 2016,DAQ/TCPU/trigger_plugins/TrigSky/TrigSky.h,33,15,0,0,1,0,0,,0,16,1,0.47,0,0,8,7,0,0,0,0,0,0,0,0
tridameasures,Baseline,04 Apr 2016,DAQ/TCPU/trigger_plugins/TrigTemplate/TrigTemplate.cpp,19,9,0,1,0,0,0,9,1,10,1,0.33,1,1,6,3,0,0,0,0,0,0,0,0
tridameasures,Baseline,04 Apr 2016,DAQ/TCPU/trigger_plugins/TrigTemplate/TrigTemplate.h,16,5,0,2,0,0,0,,0,5,0,0,0,0,5,0,0,0,0,0,0,0,0,0
tridameasures,Baseline,04 Apr 2016,DAQ/TSC/command.hpp,50,26,0,0,2,2,1,15,1,20,2,0.65,1,1,10,15,1,0,0,0,0,0,0,0
tridameasures,Baseline,04 Apr 2016,DAQ/TSC/command_executor.hpp,25,10,0,2,1,1,0,20,1,14,1,0.3,1,0,7,3,0,0,0,0,0,0,0,0
tridameasures,Baseline,04 Apr 2016,DAQ/TSC/command_generator.cpp,131,45,2,2,3,10,22,26,4,36,4,1.67,1.3,0,9,12,11,11,2,0,0,0,0,0
tridameasures,Baseline,04 Apr 2016,DAQ/TSC/command_generator.hpp,32,13,0,2,1,0,0,,0,17,1,0.38,0,0,8,5,0,0,0,0,0,0,0,0
tridameasures,Baseline,04 Apr 2016,DAQ/TSC/command_result.hpp,124,48,0,17,2,8,11,14,1,26,2,0.98,1,3,12,25,11,0,0,0,0,0,0,0
tridameasures,Baseline,04 Apr 2016,DAQ/TSC/context.hpp,40,10,0,11,1,1,0,24,1,30,1,0.3,1,0,7,3,0,0,0,0,0,0,0,0
tridameasures,Baseline,04 Apr 2016,DAQ/TSC/events.hpp,74,50,0,1,8,18,9,13,1,14,2,0.92,1,0,13,28,9,0,0,0,0,0,0,0
tridameasures,Baseline,04 Apr 2016,DAQ/TSC/exception.hpp,18,7,0,0,1,1,0,13,1,13,1,0.14,1,0,6,1,0,0,0,0,0,0,0,0
tridameasures,Baseline,04 Apr 2016,DAQ/TSC/local_command_executor.cpp,30,19,2,0,0,3,8,15,3,17,1,0.42,1.67,0,11,8,0,0,0,0,0,0,0,0
tridameasures,Baseline,04 Apr 2016,DAQ/TSC/local_command_executor.hpp,25,10,0,1,1,1,0,19,1,11,1,0.5,1,0,5,5,0,0,0,0,0,0,0,0
tridameasures,Baseline,04 Apr 2016,DAQ/TSC/node.cpp,90,51,6,0,0,0,0,9,3,20,3,1.65,2.5,4,9,8,26,8,0,0,0,0,0,0
tridameasures,Baseline,04 Apr 2016,DAQ/TSC/node.hpp,83,57,6,1,1,7,6,73,5,35,2,0.86,1.64,4,20,25,12,0,0,0,0,0,0,0
tridameasures,Baseline,04 Apr 2016,DAQ/TSC/node_state.hpp,113,30,3,34,2,3,12,51,4,83,4,1.33,1.6,2,9,9,6,5,1,0,0,0,0,0
tridameasures,Baseline,04 Apr 2016,DAQ/TSC/popen_utils.cpp,89,42,6,6,2,4,2,28,5,17,3,1.52,2,2,10,6,20,6,0,0,0,0,0,0
tridameasures,Baseline,04 Apr 2016,DAQ/TSC/popen_utils.hpp,14,6,0,0,0,0,0,,0,2,0,0,0,0,6,0,0,0,0,0,0,0,0,0
tridameasures,Baseline,04 Apr 2016,DAQ/TSC/request.cpp,60,45,12,5,0,0,0,18,15,35,5,1.96,15,1,15,3,5,14,7,1,0,0,0,0
tridameasures,Baseline,04 Apr 2016,DAQ/TSC/request.hpp,264,124,0,0,15,31,39,19,1,80,2,1.06,1,3,32,53,39,0,0,0,0,0,0,0
tridameasures,Baseline,04 Apr 2016,DAQ/TSC/ssh_command_executor.cpp,40,20,2,0,0,3,9,15,3,17,1,0.45,1.67,0,11,9,0,0,0,0,0,0,0,0
tridameasures,Baseline,04 Apr 2016,DAQ/TSC/ssh_command_executor.hpp,26,10,0,1,1,1,0,20,1,11,1,0.5,1,0,5,5,0,0,0,0,0,0,0,0
tridameasures,Baseline,04 Apr 2016,DAQ/TSC/ssh_shell.cpp,467,206,55,18,1,25,172,417,9,211,4,1.78,2.5,1,31,63,50,45,17,0,0,0,0,0
tridameasures,Baseline,04 Apr 2016,DAQ/TSC/ssh_shell.hpp,236,117,8,8,2,5,10,71,3,77,3,0.99,1.62,8,29,63,22,3,0,0,0,0,0,0
tridameasures,Baseline,04 Apr 2016,DAQ/TSC/sshshell_command_executor.cpp,113,55,11,3,0,3,43,36,12,73,3,1.38,4.67,0,12,21,11,11,0,0,0,0,0,0
tridameasures,Baseline,04 Apr 2016,DAQ/TSC/sshshell_command_executor.hpp,37,16,0,1,1,1,0,31,1,14,1,0.5,1,0,8,8,0,0,0,0,0,0,0,0
tridameasures,Baseline,04 Apr 2016,DAQ/TSC/state_machine.cpp,546,247,11,57,15,41,139,310,7,396,6,2.21,1.31,1,39,41,73,38,35,20,1,0,0,0
tridameasures,Baseline,04 Apr 2016,DAQ/TSC/state_machine.hpp,96,23,0,49,1,0,0,,0,55,1,0.48,0,0,12,11,0,0,0,0,0,0,0,0
tridameasures,Baseline,04 Apr 2016,DAQ/TSC/state_machine_info.cpp,69,41,5,1,2,3,2,49,5,13,2,0.98,1.83,3,10,22,9,0,0,0,0,0,0,0
tridameasures,Baseline,04 Apr 2016,DAQ/TSC/state_machine_info.hpp,33,17,0,4,1,1,0,26,1,19,1,0.41,1,0,10,7,0,0,0,0,0,0,0,0
tridameasures,Baseline,04 Apr 2016,DAQ/TSC/state_machine_utils.cpp,269,140,26,7,0,0,0,124,11,143,6,1.46,3.23,13,35,50,31,12,6,4,2,0,0,0
tridameasures,Baseline,04 Apr 2016,DAQ/TSC/state_machine_utils.hpp,164,20,0,108,0,0,0,,0,2,0,0,0,0,20,0,0,0,0,0,0,0,0,0
tridameasures,Baseline,04 Apr 2016,DAQ/TSC/t_command.cpp,99,34,0,46,0,0,0,8,1,49,2,0.85,1,3,8,23,3,0,0,0,0,0,0,0
tridameasures,Baseline,04 Apr 2016,DAQ/TSC/tsc.cpp,135,79,7,9,0,0,0,35,9,113,5,1.92,5,2,22,7,28,9,3,10,0,0,0,0
tridameasures,Baseline,04 Apr 2016,DAQ/TSC/tsc_tests.cpp,82,56,0,0,0,0,0,8,1,34,2,1.32,1,4,9,20,27,0,0,0,0,0,0,0
tridameasures,Baseline,04 Apr 2016,DAQ/TSC/update_node.hpp,104,37,7,34,0,0,0,31,8,39,4,1.59,5.5,2,11,9,6,6,5,0,0,0,0,0
tridameasures,Baseline,04 Apr 2016,DAQ/TSV/inc/Scheduler.h,29,14,0,0,1,0,0,,0,14,1,0.57,0,0,6,8,0,0,0,0,0,0,0,0
tridameasures,Baseline,04 Apr 2016,DAQ/TSV/src/RunTSV.cpp,165,83,15,6,2,0,0,32,16,147,6,1.94,16,1,18,10,28,17,7,2,1,0,0,0
tridameasures,Baseline,04 Apr 2016,DAQ/TSV/src/Scheduler.cpp,50,25,2,0,0,5,17,25,3,32,2,0.76,1.4,0,8,15,2,0,0,0,0,0,0,0
tridameasures,Baseline,04 Apr 2016,DAQ/TSV/src/t_Scheduler.cpp,40,19,0,5,0,0,0,11,1,18,2,1.16,1,1,6,4,9,0,0,0,0,0,0,0
tridameasures,Baseline,04 Apr 2016,offline/evt2pt.cpp,131,61,5,4,0,0,0,18,7,53,3,1.23,7,1,10,33,12,6,0,0,0,0,0,0
tridameasures,Baseline,04 Apr 2016,offline/femsim_parser.cpp,63,28,5,9,0,0,0,30,6,48,4,1.75,4.5,2,5,6,11,3,3,0,0,0,0,0
tridameasures,Baseline,04 Apr 2016,offline/femsim_parser.hpp,206,95,6,19,0,0,0,137,5,157,3,0.92,2.2,5,18,69,6,2,0,0,0,0,0,0
tridameasures,Baseline,04 Apr 2016,offline/geometry.hpp,75,38,6,2,0,0,0,12,7,56,4,1.66,7,1,7,7,18,4,2,0,0,0,0,0
tridameasures,Baseline,04 Apr 2016,offline/pmt_numbering.hpp,61,20,0,5,2,4,5,17,1,25,2,0.9,1,0,7,8,5,0,0,0,0,0,0,0
tridameasures,Baseline,04 Apr 2016,offline/subprocess.hpp,88,40,11,6,1,4,24,53,7,63,5,1.9,3.75,0,11,5,8,11,3,2,0,0,0,0
tridameasures,Baseline,04 Apr 2016,offline/t_femsim_parser.cpp,67,35,0,3,0,0,0,8,1,22,2,1.46,1,2,7,5,23,0,0,0,0,0,0,0
tridameasures,Baseline,04 Apr 2016,offline/t_numbering.cpp,33,18,1,0,0,0,0,4,2,18,3,2,2,1,3,1,7,7,0,0,0,0,0,0
tridameasures,Baseline,04 Apr 2016,offline/t_subprocess.cpp,66,25,0,6,0,0,0,6,1,19,3,1.72,1,1,5,2,13,5,0,0,0,0,0,0
tridameasures,Baseline,04 Apr 2016,offline/trig_sim.cpp,247,94,9,12,1,0,0,37,10,114,3,1.22,10,1,20,43,21,10,0,0,0,0,0,0
tridameasures,Baseline,04 Apr 2016,offline/trig_sim_details.cpp,221,81,7,6,0,0,0,103,3,116,3,1.17,2.75,4,11,47,21,2,0,0,0,0,0,0
tridameasures,Baseline,04 Apr 2016,offline/trig_sim_details.hpp,85,24,3,1,0,0,0,14,4,50,4,1.42,4,1,10,5,1,5,3,0,0,0,0,0
tridameasures,Baseline,04 Apr 2016,packages/Buffer/SimpleBuffer.cpp,40,21,1,0,0,4,14,17,2,24,2,0.9,1.25,0,7,9,5,0,0,0,0,0,0,0
tridameasures,Baseline,04 Apr 2016,packages/Buffer/SimpleBuffer.h,108,55,0,6,1,18,23,25,1,27,2,1.33,1,0,5,27,23,0,0,0,0,0,0,0
tridameasures,Baseline,04 Apr 2016,packages/Configuration/Configuration.cpp,49,9,1,0,0,0,0,,0,10,1,0.22,0,0,7,2,0,0,0,0,0,0,0,0
tridameasures,Baseline,04 Apr 2016,packages/Configuration/Configuration.h,21,13,0,0,0,0,0,,0,2,0,0,0,0,13,0,0,0,0,0,0,0,0,0
tridameasures,Baseline,04 Apr 2016,packages/Configuration/Configurator.cpp,222,135,13,4,0,0,0,21,4,36,4,1.06,2.08,12,28,82,17,5,3,0,0,0,0,0
tridameasures,Baseline,04 Apr 2016,packages/Configuration/Configurator.h,38,24,0,0,0,0,0,,0,2,0,0,0,0,24,0,0,0,0,0,0,0,0,0
tridameasures,Baseline,04 Apr 2016,packages/Configuration/Endpoint.h,18,7,0,0,1,1,0,11,1,8,1,0.43,1,0,4,3,0,0,0,0,0,0,0,0
tridameasures,Baseline,04 Apr 2016,packages/Configuration/Geometry.h,41,22,0,0,3,2,0,12,1,9,1,0.73,1,0,6,16,0,0,0,0,0,0,0,0
tridameasures,Baseline,04 Apr 2016,packages/Configuration/HMParameters.h,18,10,0,0,1,0,0,,0,11,1,0.5,0,0,5,5,0,0,0,0,0,0,0,0
tridameasures,Baseline,04 Apr 2016,packages/Configuration/MonitorParameters.h,13,6,0,0,1,0,0,,0,8,1,0.5,0,0,3,3,0,0,0,0,0,0,0,0
tridameasures,Baseline,04 Apr 2016,packages/Configuration/PluginParameters.h,15,8,0,0,1,0,0,,0,9,1,0.5,0,0,4,4,0,0,0,0,0,0,0,0
tridameasures,Baseline,04 Apr 2016,packages/Configuration/StructParameters.h,16,9,0,0,1,0,0,,0,9,1,0.56,0,0,4,5,0,0,0,0,0,0,0,0
tridameasures,Baseline,04 Apr 2016,packages/Configuration/t_Configuration.cpp,65,35,1,4,0,0,0,16,2,21,2,1.29,1.5,2,9,7,19,0,0,0,0,0,0,0
tridameasures,Baseline,04 Apr 2016,packages/Configuration/TCPUParameters.h,17,9,0,0,1,0,0,,0,11,1,0.44,0,0,5,4,0,0,0,0,0,0,0,0
tridameasures,Baseline,04 Apr 2016,packages/Configuration/TriggerParameters.h,20,13,0,0,1,0,0,,0,9,1,0.69,0,0,4,9,0,0,0,0,0,0,0,0
tridameasures,Baseline,04 Apr 2016,packages/Configuration/TSVParameters.h,15,8,0,0,1,0,0,,0,9,1,0.5,0,0,4,4,0,0,0,0,0,0,0,0
tridameasures,Baseline,04 Apr 2016,packages/data_consistency/data_consistency.hpp,30,7,0,3,0,0,0,,0,2,0,0,0,0,7,0,0,0,0,0,0,0,0,0
tridameasures,Baseline,04 Apr 2016,packages/data_consistency/t_data_consistency.cpp,33,18,0,0,0,0,0,7,1,23,2,0.94,1,1,5,9,4,0,0,0,0,0,0,0
tridameasures,Baseline,04 Apr 2016,packages/datacard/datacard.hpp,15,11,0,0,0,0,0,,0,2,0,0,0,0,11,0,0,0,0,0,0,0,0,0
tridameasures,Baseline,04 Apr 2016,packages/datacard/detector.hpp,486,184,10,4,3,44,55,456,3,20,3,1.27,1.16,6,19,101,59,5,0,0,0,0,0,0
tridameasures,Baseline,04 Apr 2016,packages/datacard/detector_geometry.hpp,79,28,0,3,1,7,6,18,1,27,2,0.96,1,1,7,15,6,0,0,0,0,0,0,0
tridameasures,Baseline,04 Apr 2016,packages/datacard/em.hpp,173,65,0,3,1,19,18,25,1,49,2,1.15,1,1,8,39,18,0,0,0,0,0,0,0
tridameasures,Baseline,04 Apr 2016,packages/datacard/fcm_endpoint.hpp,78,26,0,3,1,5,4,18,1,26,2,0.81,1,2,9,13,4,0,0,0,0,0,0,0
tridameasures,Baseline,04 Apr 2016,packages/datacard/fcm_endpoints.hpp,95,41,4,3,1,6,12,33,2,39,3,1.24,1.43,1,9,15,15,2,0,0,0,0,0,0
tridameasures,Baseline,04 Apr 2016,packages/datacard/hm.hpp,142,50,0,3,1,14,12,22,1,49,2,1.08,1,1,8,30,12,0,0,0,0,0,0,0
tridameasures,Baseline,04 Apr 2016,packages/datacard/hm_endpoint.hpp,78,26,0,3,1,5,4,18,1,26,2,0.81,1,2,9,13,4,0,0,0,0,0,0,0
tridameasures,Baseline,04 Apr 2016,packages/datacard/hm_endpoints.hpp,91,40,5,3,1,5,11,42,3,48,3,1.33,1.5,1,9,14,12,5,0,0,0,0,0,0
tridameasures,Baseline,04 Apr 2016,packages/datacard/internal_sw_parameters.hpp,111,40,0,3,1,11,10,20,1,36,2,1.08,1,1,7,23,10,0,0,0,0,0,0,0
tridameasures,Baseline,04 Apr 2016,packages/datacard/monitor.hpp,80,29,0,3,1,7,6,19,1,28,2,0.93,1,1,8,15,6,0,0,0,0,0,0,0
tridameasures,Baseline,04 Apr 2016,packages/datacard/plugin.hpp,76,25,0,3,1,5,4,19,1,33,2,0.88,1,1,7,14,4,0,0,0,0,0,0,0
tridameasures,Baseline,04 Apr 2016,packages/datacard/plugins.hpp,84,33,4,3,1,4,8,20,3,29,4,1.09,1.6,1,10,13,8,1,1,0,0,0,0,0
tridameasures,Baseline,04 Apr 2016,packages/datacard/t_datacard.cpp,226,91,7,3,0,0,0,6,8,164,5,1.99,8,1,5,6,70,6,3,1,0,0,0,0
tridameasures,Baseline,04 Apr 2016,packages/datacard/tcpu.hpp,183,67,0,3,1,17,16,27,1,49,2,1.19,1,1,11,32,24,0,0,0,0,0,0,0
tridameasures,Baseline,04 Apr 2016,packages/datacard/tcpu_endpoint.hpp,96,32,0,3,1,7,6,19,1,31,2,0.91,1,2,9,17,6,0,0,0,0,0,0,0
tridameasures,Baseline,04 Apr 2016,packages/datacard/tcpu_endpoints.hpp,94,40,5,3,1,5,11,45,3,51,3,1.33,1.5,1,9,14,12,5,0,0,0,0,0,0
tridameasures,Baseline,04 Apr 2016,packages/datacard/trigger_parameters.hpp,173,64,0,3,1,19,18,24,1,48,2,1.17,1,1,7,39,18,0,0,0,0,0,0,0
tridameasures,Baseline,04 Apr 2016,packages/datacard/tsc.hpp,50,17,0,3,1,3,2,18,1,25,2,0.65,1,1,8,7,2,0,0,0,0,0,0,0
tridameasures,Baseline,04 Apr 2016,packages/datacard/tsv.hpp,66,23,0,3,1,5,4,18,1,26,2,0.83,1,1,8,11,4,0,0,0,0,0,0,0
tridameasures,Baseline,04 Apr 2016,packages/DataFormats/f_dataformat_p2.hpp,145,64,1,14,0,0,0,58,2,23,1,0.63,1.08,13,24,40,0,0,0,0,0,0,0,0
tridameasures,Baseline,04 Apr 2016,packages/DataFormats/f_dataformat_p3.hpp,327,104,2,25,0,0,0,69,2,155,2,0.61,1.07,27,42,61,1,0,0,0,0,0,0,0
tridameasures,Baseline,04 Apr 2016,packages/DataFormats/s_dataformat_p2.hpp,174,64,0,99,5,2,0,44,1,27,1,0.69,1,0,20,44,0,0,0,0,0,0,0,0
tridameasures,Baseline,04 Apr 2016,packages/DataFormats/s_dataformat_p3.hpp,158,60,0,72,5,2,0,52,1,32,1,0.63,1,0,22,38,0,0,0,0,0,0,0,0
tridameasures,Baseline,04 Apr 2016,packages/DataFormats/t_time_p3.cpp,41,19,2,1,0,0,0,6,3,12,3,1.74,3,1,4,1,10,4,0,0,0,0,0,0
tridameasures,Baseline,04 Apr 2016,packages/DataFormats/tridas_dataformat.hpp,15,4,0,4,0,0,0,,0,2,0,0,0,0,4,0,0,0,0,0,0,0,0,0
tridameasures,Baseline,04 Apr 2016,packages/Log/log.hpp,168,96,11,1,2,11,35,156,5,61,3,1.46,1.79,3,15,29,45,7,0,0,0,0,0,0
tridameasures,Baseline,04 Apr 2016,packages/Log/t_log.cpp,18,9,0,2,0,0,0,6,1,8,1,0.56,1,1,4,5,0,0,0,0,0,0,0,0
tridameasures,Baseline,04 Apr 2016,packages/monitoring/monitoring.hpp,345,121,0,59,5,23,41,58,1,65,2,1.08,1,6,31,49,41,0,0,0,0,0,0,0
tridameasures,Baseline,04 Apr 2016,packages/network/inter_objects_communication.hpp,58,25,0,2,1,7,12,17,1,25,2,1.28,1,0,5,8,12,0,0,0,0,0,0,0
tridameasures,Baseline,04 Apr 2016,packages/network/inter_objects_communication/controller_worker.hpp,74,26,0,5,2,7,8,20,1,28,2,0.88,1,0,11,7,8,0,0,0,0,0,0,0
tridameasures,Baseline,04 Apr 2016,packages/network/inter_objects_communication/producer_consumer.hpp,101,47,4,8,2,11,28,28,2,33,3,1.51,1.36,0,8,11,24,4,0,0,0,0,0,0
tridameasures,Baseline,04 Apr 2016,packages/network/inter_objects_communication/stream_receiver.hpp,186,76,15,2,1,6,48,107,13,149,5,2.18,2.78,3,12,16,14,21,6,7,0,0,0,0
tridameasures,Baseline,04 Apr 2016,packages/network/inter_objects_communication/t_consumer.cpp,26,18,3,0,0,0,0,6,4,20,3,1.39,4,1,5,4,6,3,0,0,0,0,0,0
tridameasures,Baseline,04 Apr 2016,packages/network/inter_objects_communication/t_consumer_message.cpp,24,16,3,0,0,0,0,6,4,18,3,1.31,4,1,5,4,4,3,0,0,0,0,0,0
tridameasures,Baseline,04 Apr 2016,packages/network/inter_objects_communication/t_producer.cpp,28,17,3,0,0,0,0,6,4,23,4,1.41,4,1,5,5,3,3,1,0,0,0,0,0
tridameasures,Baseline,04 Apr 2016,packages/network/inter_objects_communication/t_stream_receiver.cpp,29,19,4,0,0,0,0,6,5,21,4,1.74,5,1,5,4,3,5,2,0,0,0,0,0
tridameasures,Baseline,04 Apr 2016,packages/Queue/QueueHandler.h,89,46,4,0,1,8,27,63,3,45,3,1.57,1.5,0,7,12,21,6,0,0,0,0,0,0
tridameasures,Baseline,04 Apr 2016,packages/Queue/QueueMonitor.h,44,20,1,0,2,3,6,33,2,37,3,1,1.33,0,7,7,5,1,0,0,0,0,0,0
tridameasures,Baseline,04 Apr 2016,packages/TimeSlice/SectorTimeSlice.cpp,107,60,13,3,0,8,47,42,6,36,3,1.13,2.63,0,13,31,11,5,0,0,0,0,0,0
tridameasures,Baseline,04 Apr 2016,packages/TimeSlice/SectorTimeSlice.h,108,53,0,14,2,12,16,38,1,40,2,1.17,1,0,7,30,16,0,0,0,0,0,0,0
tridameasures,Baseline,04 Apr 2016,packages/TimeSlice/TowerTimeSlice.cpp,56,31,5,0,0,7,19,40,3,43,3,0.84,1.71,0,12,14,3,2,0,0,0,0,0,0
tridameasures,Baseline,04 Apr 2016,packages/TimeSlice/TowerTimeSlice.h,32,20,0,0,1,3,3,17,1,18,2,0.9,1,0,5,12,3,0,0,0,0,0,0,0
tridameasures,Baseline,04 Apr 2016,tools/frame_parser_p3.cpp,92,42,8,0,0,0,0,11,6,24,3,1.4,5.5,2,9,12,16,5,0,0,0,0,0,0
tridameasures,Baseline,04 Apr 2016,tools/meas_spread.cpp,54,28,8,0,0,0,0,10,10,39,5,2.14,10,1,8,2,4,8,4,2,0,0,0,0
tridameasures,Baseline,04 Apr 2016,tools/meas_spread.hpp,12,4,0,0,0,0,0,,0,2,0,0,0,0,4,0,0,0,0,0,0,0,0,0
tridameasures,Baseline,04 Apr 2016,tools/p2_to_p3_converter.cpp,94,52,4,5,0,0,0,15,7,34,3,1.46,7,1,9,12,29,2,0,0,0,0,0,0
tridameasures,Baseline,04 Apr 2016,tools/pt_file_analyser.cpp,64,35,4,0,0,0,0,10,5,30,3,1.29,5,1,7,13,13,2,0,0,0,0,0,0
tridameasures,Baseline,04 Apr 2016,tools/ptfile_reader.cpp,127,56,12,2,0,0,0,82,8,20,3,1.63,7,3,6,15,29,6,0,0,0,0,0,0
tridameasures,Baseline,04 Apr 2016,tools/ptfile_reader.hpp,725,266,9,14,6,69,88,426,3,530,4,1.77,1.07,3,22,82,100,58,4,0,0,0,0,0
tridameasures,Baseline,04 Apr 2016,tools/t_ptfilereader.cpp,30,16,1,0,0,0,0,7,2,23,3,1.13,2,1,6,3,6,1,0,0,0,0,0,0
tridameasures,Baseline,04 Apr 2016,tools/time_spread_analyser.cpp,67,32,5,0,0,0,0,10,6,41,3,1.22,6,1,7,13,10,2,0,0,0,0,0,0
tridameasures,Baseline,04 Apr 2016,tools/time_spread_analyser2.cpp,81,38,5,0,0,0,0,30,5,61,3,1.21,3.5,2,9,14,13,2,0,0,0,0,0,0
tridameasures,Baseline,04 Apr 2016,tools/toa.cpp,108,44,5,1,0,0,0,9,6,48,3,1.41,6,1,7,18,13,6,0,0,0,0,0,0
